{"\u5357\u5145": [106.110698, 30.837793], "\u6ea7\u9633": [119.48, 31.43], "\u7126\u4f5c": [113.21, 35.24], "\u53f0\u5dde": [121.420757, 28.656386], "\u62db\u8fdc": [120.38, 37.35], "\u6e05\u8fdc": [113.01, 23.7], "\u9633\u6cc9": [113.57, 37.85], "\u83b1\u897f": [120.53, 36.86], "\u4e34\u5b89": [119.72, 30.23], "\u54b8\u9633": [108.72, 34.36], "\u81ea\u8d21": [104.778442, 29.33903], "\u4e91\u6d6e": [112.02, 22.93], "\u4f5b\u5c71": [113.11, 23.05], "\u9075\u4e49": [106.9, 27.7], "\u5317\u4eac": [116.46, 39.92], "\u672c\u6eaa": [123.73, 41.3], "\u5f20\u5bb6\u6e2f": [120.555821, 31.875428], "\u592a\u4ed3": [121.1, 31.45], "\u62c9\u8428": [91.11, 29.97], "\u5373\u58a8": [120.45, 36.38], "\u4e2d\u5c71": [113.38, 22.52], "\u897f\u5b89": [108.95, 34.27], "\u80f6\u5357": [119.97, 35.88], "\u897f\u5b81": [101.74, 36.56], "\u4e3d\u6c34": [119.92, 28.45], "\u4e09\u4e9a": [109.511909, 18.252847], "\u6d77\u53e3": [110.35, 20.02], "\u6e5b\u6c5f": [110.359377, 21.270708], "\u94dc\u5ddd": [109.11, 35.09], "\u83b1\u829c": [117.67, 36.19], "\u6d77\u95e8": [121.15, 31.89], "\u7ecd\u5174": [120.58, 30.01], "\u7261\u4e39\u6c5f": [129.58, 44.6], "\u5bcc\u9633": [119.95, 30.07], "\u83b1\u5dde": [119.942327, 37.177017], "\u6e56\u5dde": [120.1, 30.86], "\u5927\u540c": [113.3, 40.12], "\u6e58\u6f6d": [112.91, 27.87], "\u5b9c\u5bbe": [104.56, 29.77], "\u5b89\u9633": [114.35, 36.1], "\u6c5f\u9634": [120.26, 31.91], "\u9f50\u9f50\u54c8\u5c14": [123.97, 47.33], "\u97f6\u5173": [113.62, 24.84], "\u5bbf\u8fc1": [118.3, 33.96], "\u84ec\u83b1": [120.75, 37.8], "\u978d\u5c71": [122.85, 41.12], "\u8363\u6210": [122.41, 37.16], "\u91d1\u575b": [119.56, 31.74], "\u91d1\u534e": [119.64, 29.12], "\u829c\u6e56": [118.38, 31.33], "\u65e0\u9521": [120.29, 31.59], "\u91cd\u5e86": [106.54, 29.59], "\u5434\u6c5f": [120.63, 31.16], "\u8302\u540d": [110.88, 21.68], "\u4e5d\u6c5f": [115.97, 29.71], "\u90a2\u53f0": [114.48, 37.05], "\u5eca\u574a": [116.7, 39.53], "\u53a6\u95e8": [118.1, 24.46], "\u6606\u660e": [102.73, 25.04], "\u5b9c\u5174": [119.82, 31.36], "\u5b81\u6ce2": [121.56, 29.86], "\u5929\u6d25": [117.2, 39.13], "\u79e6\u7687\u5c9b": [119.57, 39.95], "\u6587\u767b": [122.05, 37.2], "\u67a3\u5e84": [117.57, 34.86], "\u77f3\u5634\u5c71": [106.39, 39.04], "\u63ed\u9633": [116.35, 23.55], "\u90af\u90f8": [114.47, 36.6], "\u5fb7\u5dde": [116.29, 37.45], "\u7ae0\u4e18": [117.53, 36.72], "\u4e09\u95e8\u5ce1": [111.19, 34.76], "\u94f6\u5ddd": [106.27, 38.47], "\u547c\u548c\u6d69\u7279": [111.65, 40.82], "\u5408\u80a5": [117.27, 31.86], "\u67f3\u5dde": [109.4, 24.33], "\u5357\u5b81": [108.33, 22.84], "\u4e1c\u839e": [113.75, 23.04], "\u682a\u6d32": [113.16, 27.83], "\u6210\u90fd": [104.06, 30.67], "\u73e0\u6d77": [113.52, 22.3], "\u5e93\u5c14\u52d2": [86.06, 41.68], "\u6606\u5c71": [120.95, 31.39], "\u6e29\u5dde": [120.65, 28.01], "\u5ef6\u5b89": [109.47, 36.6], "\u4e0a\u6d77": [121.48, 31.22], "\u6f4d\u574a": [119.1, 36.62], "\u7389\u6eaa": [102.52, 24.35], "\u6b66\u6c49": [114.31, 30.52], "\u8fde\u4e91\u6e2f": [119.16, 34.59], "\u8861\u6c34": [115.72, 37.72], "\u66f2\u9756": [103.79, 25.51], "\u5f00\u5c01": [114.35, 34.79], "\u957f\u6cbb": [113.08, 36.18], "\u627f\u5fb7": [117.93, 40.97], "\u65e5\u7167": [119.46, 35.42], "\u6cf0\u5dde": [119.9, 32.49], "\u54c8\u5c14\u6ee8": [126.63, 45.75], "\u6e2d\u5357": [109.5, 34.52], "\u6c55\u5c3e": [115.375279, 22.786211], "\u6dc4\u535a": [118.05, 36.78], "\u9526\u5dde": [121.15, 41.13], "\u6f6e\u5dde": [116.63, 23.68], "\u9633\u6c5f": [111.95, 21.85], "\u9102\u5c14\u591a\u65af": [109.781327, 39.608266], "\u4e34\u6c82": [118.35, 35.05], "\u5e38\u5fb7": [111.69, 29.05], "\u957f\u6c99": [113, 28.21], "\u5927\u5e86": [125.03, 46.58], "\u70df\u53f0": [121.39, 37.52], "\u798f\u5dde": [119.3, 26.08], "\u9a6c\u978d\u5c71": [118.48, 31.56], "\u6cf8\u5dde": [105.39, 28.91], "\u5e38\u719f": [120.74, 31.64], "\u629a\u987a": [123.97, 41.97], "\u5e73\u5ea6": [119.97, 36.77], "\u6d4e\u5357": [117, 36.65], "\u8bf8\u66a8": [120.23, 29.71], "\u5510\u5c71": [118.02, 39.63], "\u9547\u6c5f": [119.44, 32.2], "\u77f3\u5bb6\u5e84": [114.48, 38.03], "\u5357\u660c": [115.89, 28.68], "\u5f20\u5bb6\u754c": [110.479191, 29.117096], "\u5409\u6797": [126.57, 43.87], "\u8087\u5e86": [112.44, 23.05], "\u83cf\u6cfd": [115.480656, 35.23375], "\u5fb7\u9633": [104.37, 31.13], "\u6cf0\u5b89": [117.13, 36.18], "\u5357\u901a": [121.05, 32.08], "\u80f6\u5dde": [120.03336, 36.264622], "\u5e7f\u5dde": [113.23, 23.16], "\u592a\u539f": [112.53, 37.87], "\u6ee8\u5dde": [118.03, 37.36], "\u5cb3\u9633": [113.09, 29.37], "\u5927\u8fde": [121.62, 38.92], "\u5f90\u5dde": [117.2, 34.26], "\u8d35\u9633": [106.71, 26.57], "\u91d1\u660c": [102.188043, 38.520089], "\u82cf\u5dde": [120.62, 31.32], "\u4e1c\u8425": [118.49, 37.46], "\u5e38\u5dde": [119.95, 31.79], "\u4e39\u4e1c": [124.37, 40.13], "\u5bff\u5149": [118.73, 36.86], "\u6d4e\u5b81": [116.59, 35.38], "\u8862\u5dde": [118.88, 28.97], "\u60e0\u5dde": [114.4, 23.09], "\u6c55\u5934": [116.69, 23.39], "\u5170\u5dde": [103.73, 36.03], "\u8346\u5dde": [112.239741, 30.335165], "\u804a\u57ce": [115.97, 36.45], "\u6885\u5dde": [116.1, 24.55], "\u626c\u5dde": [119.42, 32.39], "\u957f\u6625": [125.35, 43.88], "\u9752\u5c9b": [120.33, 36.07], "\u6d1b\u9633": [112.44, 34.7], "\u5609\u5cea\u5173": [98.289152, 39.77313], "\u6500\u679d\u82b1": [101.718637, 26.582347], "\u6c88\u9633": [123.38, 41.8], "\u76d8\u9526": [122.070714, 41.119997], "\u5609\u5174": [120.76, 30.77], "\u7ef5\u9633": [104.73, 31.48], "\u514b\u62c9\u739b\u4f9d": [84.77, 45.59], "\u74e6\u623f\u5e97": [121.979603, 39.627114], "\u5b9d\u9e21": [107.15, 34.38], "\u5a01\u6d77": [122.1, 37.5], "\u6c5f\u95e8": [113.06, 22.61], "\u76d0\u57ce": [120.13, 33.38], "\u4e4c\u9c81\u6728\u9f50": [87.68, 43.77], "\u6cc9\u5dde": [118.58, 24.93], "\u6cb3\u6e90": [114.68, 23.73], "\u6df1\u5733": [114.07, 22.62], "\u8425\u53e3": [122.18, 40.65], "\u4fdd\u5b9a": [115.48, 38.85], "\u6842\u6797": [110.28, 25.29], "\u53e5\u5bb9": [119.16, 31.95], "\u4e49\u4e4c": [120.06, 29.32], "\u5b9c\u660c": [111.3, 30.7], "\u676d\u5dde": [120.19, 30.26], "\u8d64\u5cf0": [118.87, 42.28], "\u4e34\u6c7e": [111.5, 36.08], "\u5f20\u5bb6\u53e3": [114.87, 40.82], "\u6ca7\u5dde": [116.83, 38.33], "\u4e73\u5c71": [121.52, 36.89], "\u5357\u4eac": [118.78, 32.04], "\u821f\u5c71": [122.207216, 29.985295], "\u90d1\u5dde": [113.65, 34.76], "\u5317\u6d77": [109.12, 21.49], "\u6dee\u5b89": [119.15, 33.5], "\u5305\u5934": [110, 40.58], "\u846b\u82a6\u5c9b": [120.836932, 40.711052], "\u5e73\u9876\u5c71": [113.29, 33.75]}